category,name,symbol,description,official_site,source_code,docs,whitepaper_or_spec,open_source
Foundations & L1/L2,Bitcoin,BTC,Peer-to-peer digital currency and settlement network.,https://bitcoin.org,https://github.com/bitcoin/bitcoin,https://developer.bitcoin.org/,https://bitcoin.org/bitcoin.pdf,yes
Foundations & L1/L2,Ethereum,ETH,General-purpose smart-contract platform.,https://ethereum.org,https://github.com/ethereum/go-ethereum,https://ethereum.org/en/developers/docs/,https://ethereum.org/en/whitepaper/,yes
Foundations & L1/L2,Cardano,ADA,Proof-of-stake blockchain with a research-led development process.,https://cardano.org,https://github.com/IntersectMBO/cardano-node,https://developers.cardano.org/,https://www.cardano.org/ouroboros/,yes
Foundations & L1/L2,Solana,SOL,High-throughput smart-contract blockchain.,https://solana.com,https://github.com/solana-labs/solana,https://solana.com/docs,https://solana.com/solana-whitepaper.pdf,yes
Foundations & L1/L2,Polkadot,DOT,Interoperability network and heterogeneous blockchain protocol.,https://polkadot.com,https://github.com/paritytech/polkadot-sdk,https://docs.polkadot.com/,https://polkadot.com/polkadot-paper/,yes
Foundations & L1/L2,Cosmos,ATOM,Interoperable application-chain ecosystem using IBC.,https://cosmos.network,https://github.com/cosmos/cosmos-sdk,https://docs.cosmos.network/,https://v1.cosmos.network/resources/whitepaper,yes
Foundations & L1/L2,Avalanche,AVAX,Multi-chain smart-contract platform.,https://www.avax.network,https://github.com/ava-labs/avalanchego,https://build.avax.network/docs,https://www.avalabs.org/whitepapers,yes
Foundations & L1/L2,NEAR Protocol,NEAR,Developer-oriented sharded proof-of-stake blockchain.,https://near.org,https://github.com/near/nearcore,https://docs.near.org/,https://pages.near.org/papers/the-official-near-white-paper/,yes
Foundations & L1/L2,Tezos,XTZ,Self-amending proof-of-stake smart-contract blockchain.,https://tezos.com,https://gitlab.com/tezos/tezos,https://docs.tezos.com/,https://tezos.com/whitepaper/,yes
Foundations & L1/L2,Algorand,ALGO,Pure proof-of-stake blockchain.,https://algorand.co,https://github.com/algorand/go-algorand,https://developer.algorand.org/,https://www.algorand.com/technology/white-papers,yes
Foundations & L1/L2,XRP Ledger,XRP,Open-source distributed ledger for payments and tokenization.,https://xrpl.org,https://github.com/XRPLF/rippled,https://xrpl.org/docs,https://xrpl.org/technical-overview.html,yes
Foundations & L1/L2,Stellar,XLM,Open network for payments and asset issuance.,https://stellar.org,https://github.com/stellar/stellar-core,https://developers.stellar.org/,https://developers.stellar.org/docs/learn/fundamentals/stellar-consensus-protocol,yes
Foundations & L1/L2,Litecoin,LTC,Bitcoin-derived peer-to-peer digital currency.,https://litecoin.org,https://github.com/litecoin-project/litecoin,https://litecoin.info/,https://litecoin.org/technical-summary,yes
Foundations & L1/L2,Hedera,HBAR,Public hashgraph network for applications and services.,https://hedera.com,https://github.com/hashgraph/hedera-services,https://docs.hedera.com/,https://hedera.com/papers,yes
Foundations & L1/L2,Internet Computer,ICP,Blockchain network for on-chain software and services.,https://internetcomputer.org,https://github.com/dfinity/ic,https://internetcomputer.org/docs,https://internetcomputer.org/whitepapers,yes
Foundations & L1/L2,Filecoin,FIL,Decentralized storage marketplace and protocol.,https://filecoin.io,https://github.com/filecoin-project/lotus,https://docs.filecoin.io/,https://filecoin.io/filecoin.pdf,yes
Foundations & L1/L2,Arweave,AR,Permanent decentralized data storage network.,https://www.arweave.org,https://github.com/ArweaveTeam/arweave,https://docs.arweave.org/,https://www.arweave.org/white-paper.pdf,yes
Foundations & L1/L2,IOTA,IOTA,Distributed ledger ecosystem for data and value transfer.,https://www.iota.org,https://github.com/iotaledger/iota-core,https://docs.iota.org/,https://www.iota.org/foundation/research-papers,yes
Foundations & L1/L2,VeChain,VET,Enterprise-oriented blockchain and supply-chain platform.,https://vechain.org,https://github.com/vechain/thor,https://docs.vechain.org/,https://docs.vechain.org/core-concepts/vechain-whitepaper,yes
Foundations & L1/L2,TON,TON,Scalable blockchain integrated with the Telegram ecosystem.,https://ton.org,https://github.com/ton-blockchain/ton,https://docs.ton.org/,https://docs.ton.org/learn/overviews/,yes
Foundations & L1/L2,Sui,SUI,Move-based proof-of-stake smart-contract network.,https://sui.io,https://github.com/MystenLabs/sui,https://docs.sui.io/,https://docs.sui.io/concepts/cryptography,yes
Stablecoins & Tokenized Money,USDC,USDC,Fiat-backed dollar stablecoin issued by Circle.,https://www.circle.com/usdc,https://github.com/circlefin,https://developers.circle.com/,https://www.circle.com/en/transparency,no
Stablecoins & Tokenized Money,Tether USD₮,USDT,Dollar-pegged stablecoin issued by Tether.,https://tether.to,https://github.com/tether,https://tether.to/en/transparency/,https://tether.to/en/transparency/,no
Stablecoins & Tokenized Money,Dai / Sky ecosystem,DAI,Crypto-collateralized stablecoin and decentralized monetary protocol.,https://sky.money,https://github.com/sky-ecosystem,https://developers.sky.money/,https://makerdao.com/whitepaper/,no
Stablecoins & Tokenized Money,Frax,FRAX,Stablecoin and decentralized finance protocol family.,https://frax.finance,https://github.com/FraxFinance,https://docs.frax.finance/,https://docs.frax.finance/,no
Stablecoins & Tokenized Money,Reserve Protocol,RSR,"Protocol for asset-backed, over-collateralized stable assets.",https://reserve.org,https://github.com/reserve-protocol,https://reserve.org/,https://reserve.org/,no
DeFi,Uniswap,UNI,Permissionless automated market maker and exchange protocol.,https://uniswap.org,https://github.com/Uniswap,https://docs.uniswap.org/,https://uniswap.org/whitepaper.pdf,yes
DeFi,Aave,AAVE,Non-custodial liquidity and lending protocol.,https://aave.com,https://github.com/aave,https://aave.com/docs,https://aave.com/faq,yes
DeFi,Compound,COMP,Algorithmic money-market protocol.,https://compound.finance,https://github.com/compound-finance,https://docs.compound.finance/,https://compound.finance/documents/Compound.Whitepaper.pdf,yes
DeFi,Lido,LDO,Liquid staking protocol.,https://lido.fi,https://github.com/lidofinance,https://docs.lido.fi/,https://docs.lido.fi/staking/ethereum/overview/,yes
DeFi,Curve,CRV,Stable-asset automated market maker.,https://curve.finance,https://github.com/curvefi,https://resources.curve.finance/,https://curve.fi/files/crypto-pools-paper.pdf,yes
DeFi,Balancer,BAL,Programmable liquidity protocol and AMM.,https://balancer.fi,https://github.com/balancer,https://docs.balancer.fi/,https://balancer.fi/whitepaper.pdf,yes
DeFi,Synthetix,SNX,On-chain derivatives and synthetic-assets protocol.,https://www.synthetix.io,https://github.com/Synthetixio,https://docs.synthetix.io/,https://docs.synthetix.io/,yes
DeFi,Yearn,YFI,Automated yield strategies and vault protocol.,https://yearn.fi,https://github.com/yearn,https://docs.yearn.fi/,https://andrecronje.medium.com/iearn-finance-4784c6f9c4c7,yes
DeFi,GMX,GMX,Decentralized spot and perpetuals exchange.,https://gmx.io,https://github.com/gmx-io,https://docs.gmx.io/,https://docs.gmx.io/docs/intro,yes
DeFi,1inch,1INCH,DEX aggregation and liquidity protocol.,https://1inch.io,https://github.com/1inch,https://docs.1inch.io/,https://docs.1inch.io/,yes
DeFi,Jupiter,JUP,Solana liquidity aggregation and trading infrastructure.,https://jup.ag,https://github.com/jup-ag,https://dev.jup.ag/,https://dev.jup.ag/docs,yes
DeFi,Chainlink,LINK,Decentralized oracle and off-chain computation network.,https://chain.link,https://github.com/smartcontractkit/chainlink,https://docs.chain.link/,https://research.chain.link/whitepaper-v2.pdf,yes
DeFi,Pyth Network,PYTH,Market-data oracle network.,https://www.pyth.network,https://github.com/pyth-network,https://docs.pyth.network/,https://www.pyth.network/whitepaper,yes
DeFi,The Graph,GRT,Indexing protocol for blockchain data.,https://thegraph.com,https://github.com/graphprotocol,https://thegraph.com/docs/,https://thegraph.com/docs/en/resources/whitepaper/,yes
Privacy & Security,Monero,XMR,Privacy-preserving digital currency.,https://www.getmonero.org,https://github.com/monero-project/monero,https://www.getmonero.org/resources/developer-guides/,https://www.getmonero.org/resources/research-lab/pubs/whitepaper_annotated.pdf,yes
Privacy & Security,Zcash,ZEC,Privacy-focused cryptocurrency using zero-knowledge proofs.,https://z.cash,https://github.com/zcash/zcash,https://zcash.readthedocs.io/,https://z.cash/technology/,yes
Privacy & Security,Secret Network,SCRT,Privacy-enabled smart-contract network.,https://scrt.network,https://github.com/scrtlabs/SecretNetwork,https://docs.scrt.network/,https://docs.scrt.network/,yes
Privacy & Security,OpenZeppelin,—,Reusable smart-contract libraries and security tooling.,https://www.openzeppelin.com,https://github.com/OpenZeppelin/openzeppelin-contracts,https://docs.openzeppelin.com/,https://www.openzeppelin.com/research,yes
Privacy & Security,Trail of Bits,—,Open-source security tools and blockchain audit research.,https://www.trailofbits.com,https://github.com/trailofbits,https://github.com/trailofbits/publications,https://github.com/trailofbits/publications,yes
Privacy & Security,Immunefi,—,Bug-bounty and security disclosure platform for Web3.,https://immunefi.com,https://github.com/immunefi,https://immunefi.com/learn/,https://immunefi.com/learn/,no
"NFTs, Gaming & Identity",Ethereum Name Service,ENS,Decentralized naming system for blockchain addresses and resources.,https://ens.domains,https://github.com/ensdomains,https://docs.ens.domains/,https://docs.ens.domains/learn,yes
"NFTs, Gaming & Identity",OpenSea,—,NFT marketplace and creator platform.,https://opensea.io,https://github.com/ProjectOpenSea,https://docs.opensea.io/,https://docs.opensea.io/,no
"NFTs, Gaming & Identity",Magic Eden,—,Multi-chain digital-asset marketplace.,https://magiceden.io,https://github.com/magiceden-oss,https://docs.magiceden.io/,https://docs.magiceden.io/,no
"NFTs, Gaming & Identity",Immutable,IMX,Gaming-focused blockchain and developer platform.,https://www.immutable.com,https://github.com/Immutable,https://docs.immutable.com/,https://www.immutable.com/resources/whitepapers,yes
"NFTs, Gaming & Identity",Decentraland,MANA,Virtual-world platform with user-owned content.,https://decentraland.org,https://github.com/decentraland,https://docs.decentraland.org/,https://decentraland.org/whitepaper.pdf,yes
"NFTs, Gaming & Identity",The Sandbox,SAND,User-generated virtual-world and gaming ecosystem.,https://www.sandbox.game,https://github.com/thesandboxgame,https://docs.sandbox.game/,https://www.sandbox.game/en/whitepaper/,yes
"NFTs, Gaming & Identity",IPFS,—,Content-addressed peer-to-peer storage protocol.,https://ipfs.tech,https://github.com/ipfs,https://docs.ipfs.tech/,https://docs.ipfs.tech/concepts/what-is-ipfs/,yes
"Exchanges, Wallets & Custody",MetaMask,—,Self-custodial wallet and Web3 browser extension.,https://metamask.io,https://github.com/MetaMask,https://docs.metamask.io/,https://docs.metamask.io/,yes
"Exchanges, Wallets & Custody",Phantom,—,Self-custodial wallet for Solana and other networks.,https://phantom.com,https://github.com/phantom,https://docs.phantom.com/,https://docs.phantom.com/,no
"Exchanges, Wallets & Custody",Ledger,—,Hardware-wallet and custody ecosystem.,https://www.ledger.com,https://github.com/LedgerHQ,https://developers.ledger.com/,https://www.ledger.com/academy,yes
"Exchanges, Wallets & Custody",Trezor,—,Open-source hardware-wallet ecosystem.,https://trezor.io,https://github.com/trezor,https://docs.trezor.io/,https://trezor.io/learn,yes
"Exchanges, Wallets & Custody",Kraken,—,Centralized crypto exchange and market infrastructure.,https://www.kraken.com,https://github.com/krakenfx,https://docs.kraken.com/,https://www.kraken.com/learn,no
"Exchanges, Wallets & Custody",Coinbase,—,Crypto exchange and developer platform.,https://www.coinbase.com,https://github.com/coinbase,https://docs.cdp.coinbase.com/,https://www.coinbase.com/learn,no
"Tools, APIs, Explorers & Education",Etherscan,—,Ethereum block explorer and developer APIs.,https://etherscan.io,https://github.com/etherscan,https://docs.etherscan.io/,https://docs.etherscan.io/,no
"Tools, APIs, Explorers & Education",Blockscout,—,Open-source blockchain explorer.,https://www.blockscout.com,https://github.com/blockscout/blockscout,https://docs.blockscout.com/,https://docs.blockscout.com/,yes
"Tools, APIs, Explorers & Education",Blockchair,—,Multi-chain block explorer and analytics service.,https://blockchair.com,https://github.com/Blockchair,https://blockchair.com/api/docs,https://blockchair.com/api/docs,no
"Tools, APIs, Explorers & Education",Dune,—,Community-driven blockchain analytics platform.,https://dune.com,https://github.com/duneanalytics,https://docs.dune.com/,https://docs.dune.com/,no
"Tools, APIs, Explorers & Education",CoinGecko API,—,Crypto market-data API and asset directory.,https://www.coingecko.com,https://github.com/coingecko,https://docs.coingecko.com/,https://www.coingecko.com/research,no
"Tools, APIs, Explorers & Education",Alchemy,—,Blockchain developer APIs and node infrastructure.,https://www.alchemy.com,https://github.com/alchemyplatform,https://www.alchemy.com/docs,https://www.alchemy.com/overviews,no
"Tools, APIs, Explorers & Education",QuickNode,—,Managed blockchain node and developer infrastructure.,https://www.quicknode.com,https://github.com/QuickNode,https://www.quicknode.com/docs,https://www.quicknode.com/guides,no
"Tools, APIs, Explorers & Education",Bitcoin Developer Guide,—,Official Bitcoin Core developer documentation.,https://developer.bitcoin.org,https://github.com/bitcoin-core/bitcoincore.org,https://developer.bitcoin.org/devguide/,https://bitcoin.org/bitcoin.pdf,yes
"Tools, APIs, Explorers & Education",Ethereum Developer Docs,—,Official Ethereum developer documentation and tutorials.,https://ethereum.org/en/developers/,https://github.com/ethereum/ethereum-org-website,https://ethereum.org/en/developers/docs/,https://ethereum.org/en/whitepaper/,yes
"Tools, APIs, Explorers & Education",Solidity,—,Smart-contract programming language for Ethereum and EVM chains.,https://soliditylang.org,https://github.com/ethereum/solidity,https://docs.soliditylang.org/,https://docs.soliditylang.org/en/latest/resources.html,yes
"Tools, APIs, Explorers & Education",Hardhat,—,Ethereum development environment.,https://hardhat.org,https://github.com/NomicFoundation/hardhat,https://hardhat.org/docs,https://hardhat.org/docs,yes
"Tools, APIs, Explorers & Education",Foundry,—,"Fast, portable toolkit for Ethereum application development.",https://getfoundry.sh,https://github.com/foundry-rs/foundry,https://getfoundry.sh/,https://getfoundry.sh/,yes
"Tools, APIs, Explorers & Education",Chainlink Education,—,"Oracle, smart-contract and Web3 learning resources.",https://chain.link/education,https://github.com/smartcontractkit,https://docs.chain.link/,https://chain.link/education,yes
"Discovery, Market Data & Analytics",Etherscan Token Tracker,—,"Ethereum token directory, contract pages, holders, transfers, and explorer data.",https://etherscan.io/tokens,https://github.com/etherscan,https://docs.etherscan.io/,https://docs.etherscan.io/,no
"Discovery, Market Data & Analytics",CoinGecko,—,"Independent crypto-asset market data, rankings, categories, and API.",https://www.coingecko.com,https://github.com/coingecko,https://docs.coingecko.com/,https://www.coingecko.com/research,no
"Discovery, Market Data & Analytics",CoinMarketCap,—,"Crypto-asset prices, market capitalization, token pages, and API.",https://coinmarketcap.com,https://github.com/coinmarketcap,https://coinmarketcap.com/api/documentation/v1/,https://coinmarketcap.com/alexandria,no
"Discovery, Market Data & Analytics",DefiLlama,—,"Open data platform for DeFi TVL, stablecoins, yields, bridges, and protocols.",https://defillama.com,https://github.com/DefiLlama,https://docs.llama.fi/,https://docs.llama.fi/,yes
"Discovery, Market Data & Analytics",DEX Screener,—,Real-time decentralized-exchange pair and token market discovery.,https://dexscreener.com,https://github.com/dexscreener,https://docs.dexscreener.com/,https://docs.dexscreener.com/,no
"Discovery, Market Data & Analytics",Token Terminal,—,Fundamental metrics and financial data for blockchain protocols.,https://tokenterminal.com,https://github.com/token-terminal,https://docs.tokenterminal.com/,https://tokenterminal.com/terminal/metrics,no
"Discovery, Market Data & Analytics",Messari,—,"Crypto research, asset profiles, and market intelligence.",https://messari.io,https://github.com/messari,https://docs.messari.io/,https://messari.io/research,no
"Discovery, Market Data & Analytics",NFTScan,—,NFT explorer and multi-chain NFT data platform.,https://www.nftscan.com,https://github.com/nftscan-official,https://docs.nftscan.com/,https://docs.nftscan.com/,no
"Discovery, Market Data & Analytics",CryptoPanic,—,Crypto news aggregation and market-awareness tool.,https://cryptopanic.com,—,https://cryptopanic.com/developers/api/,https://cryptopanic.com/developers/api/,no
"Discovery, Market Data & Analytics",CoinMarketCal,—,Calendar of announced crypto-asset events with community references.,https://coinmarketcal.com,—,https://coinmarketcal.com/en/api,https://coinmarketcal.com/en/api,no
"Discovery, Market Data & Analytics",Token Unlocks,—,Token unlock schedules and supply-event reference data.,https://token.unlocks.app,—,https://token.unlocks.app/,https://token.unlocks.app/,no
Government & Public-Sector Digital Currency,Atlantic Council CBDC Tracker,—,Independent tracker of central-bank digital-currency projects.,https://www.atlanticcouncil.org/cbdctracker/,https://github.com/AtlanticCouncil,https://www.atlanticcouncil.org/cbdctracker/,https://www.atlanticcouncil.org/cbdctracker/,no
Government & Public-Sector Digital Currency,BIS Innovation Hub,—,Central-bank research and experiments in digital money and finance.,https://www.bis.org/about/bisih/topics/cbdc.htm,https://github.com/bisih,https://www.bis.org/about/bisih/topics/cbdc.htm,https://www.bis.org/publ/othp108.htm,no
Government & Public-Sector Digital Currency,Digital Yuan / e-CNY,—,China’s central-bank digital-currency program.,https://www.pbc.gov.cn/en/3688110/3688172/4157443/index.html,—,https://www.pbc.gov.cn/en/3688110/3688172/4157443/index.html,https://www.pbc.gov.cn/en/3688110/3688172/4157443/index.html,no
Government & Public-Sector Digital Currency,Digital Rupee / e₹,—,India’s central-bank digital-currency program.,https://www.rbi.org.in,—,https://www.rbi.org.in/Scripts/FAQView.aspx?Id=157,https://www.rbi.org.in/Scripts/BS_SpeechesView.aspx?Id=1365,no
Government & Public-Sector Digital Currency,Sand Dollar,—,The Bahamas central-bank digital currency.,https://www.centralbankbahamas.com/cbdc,—,https://www.centralbankbahamas.com/cbdc,https://www.centralbankbahamas.com/viewPDF/documents/2020-12-03-14-55-44-The-Sand-Dollar-Project-Report.pdf,no
Government & Public-Sector Digital Currency,eNaira,—,Nigeria’s central-bank digital-currency program.,https://www.cbn.gov.ng/MonetaryPolicy/ecn.html,—,https://www.cbn.gov.ng/MonetaryPolicy/ecn.html,https://www.cbn.gov.ng/Out/2021/CCD/Design%20Paper%20for%20the%20eNaira.pdf,no
